title,rating,review_count
"Kirkland Signature Canola Oil 2.84 L, 2-count",4.5,131
"Eastern Feast - 100% Pure Sunflower Oil, (5 L) 1.32 Gallon",4.9,20
"Viva Naturals Organic Coconut Oil, 54 fl oz – Unrefined, Cold-Pressed Extra Virgin Coconut Oil, USDA Organic & Non-GMO, Natural Cooking Oil, Hair Oil & Skin Oil",4.7,113.7K
"Carrington Farms Organic Liquid Coconut Cooking Oil, 16 Fl Oz –Unflavored, Unscented, High Smoke Point, MCT-Rich, No Trans Fat – For Cooking, Sautéing, Frying & Baking – Gluten Free, Non-GMO, Hexane Free, BPA Free Bottle",4.7,14.1K
"Mazola Vegetable Oil, 40 fl oz",4.7,432
"Viva Naturals Organic Coconut Oil, 16 fl oz – Unrefined, Cold-Pressed Extra Virgin Coconut Oil, USDA Organic & Non-GMO, Natural Cooking Oil, Hair Oil & Skin Oil",4.7,113.7K
"Bertolli Extra Virgin Olive Oil, Rich Taste, 50.7 fl oz",4.8,4.8K
"Mina Moroccan Olive Oil Extra Virgin 68 Fl Oz, New Harvest, Polyphenol Rich Olive Oil, Single Origin Extra Virgin Olive Oil, Cold Extraction, Less than 0.2% Acidity, 2 L",4.6,10.7K
"Filippo Berio Olive Oil, 169 Fluid Ounce",4.8,410
"365 Everyday Value, Organic Extra Virgin Olive Oil 100% Mediterranean Blend, 16.9 fl oz",4.8,7.6K
USDA Certified Organic Cold Pressed Unrefined Raw Avocado Oil - 1 Gallon/128 fl.oz,4.7,315
4 LBS/64 FL.OZ Certified Organic Unrefined Extra Virgin Raw Avocado Oil,4.4,337
"Viva Oliva Six 60ml (2oz) Variety Gift Set - Premium Flavored Extra Virgin Olive Oils (Tuscan Herb, Basil, Mushroom & Sage) and All Natural Balsamic Vinegars (18 Year Traditional, Grapefruit, Black Mission Fig)",4.5,366
"BASSO 1904 - Lemon Oil, Infused Premium Extra Virgin Olive Oil, 8.5 Fl Oz (250 ml), Finishing, Cooking, Dipping, Dressing, and Tasting",4.6,642
"RICE BRAN OIL | 1 Gallon (128 Ounces) | Kosher | All- Natural, Made from 100% Non-GMO Rice | Rich in Vit E and Gamma Oryzanol | Unfiltered, No Trans Fat | by Heavenly Chef",4.8,1K
"Galil 100% Pure Avocado Oil - High Smoke Point 500°F Non-GMO, Vegan, Halal Certified - Perfect for Cooking, Baking, Sautéing, Dressings & Marinades, Rich in Healthy Fats - 2 Liter Bottle",4.8,45
"LA FAVORITA ANNATTO VEGETABLE OIL, ACHIOTE SEASONING OIL, 16.9 FL OZ (500 ML), WITH SOYBEAN AND PALM OLEIN OILS, PRODUCT OF ECUADOR",4.7,756
"365 by Whole Foods Market Organic Oil Cooking Spray, 5 FZ",4.6,60
Parachute 100% Pure and Natural Unrefined Coconut Oil | No Chemicals & Added Preservatives | 31 fl.oz,4.2,5.5K
"100% Organic Extra Virgin,Coconut Oil,84 Fl .oz,beauty aid and cooking oil",4.8,1.7K
"365 by Whole Foods Market, Small Batch California Extra Virgin Olive Oil, 16.9 Fl Oz",4.8,21.9K
Rani Sesame Oil 33.8 Ounce (1 Liter) Cold Pressed | 100% Natural | NON-GMO | Kosher | Vegan | Gluten Free,4.2,294
Kirkland Signature 100% Pure Vegetable Oil 3 qt.- 2 Count,4.6,130
"Planters Peanut Oil, 24 oz",4.7,1.3K
"Mazola Corn Oil, 128 fl oz",4.8,1.4K
"Pompeian Smooth Extra Virgin Olive Oil, Contains Polyphenols, First Cold Pressed, 101 Fl Oz",4.8,46.9K
"Bertolli Cooking Olive Oil, 32 fl oz",4.7,353
"Pompeian Robust Extra Virgin Olive Oil, Contains Polyphenols, First Cold Pressed, 68 Fl Oz",4.8,50K
"Iberia Premium Blend, Sunflower Oil & Extra Virgin Olive Oil, High Heat Frying, 68 Fl Oz",4.7,4K
"Pompeian Smooth Extra Virgin Olive Oil, Contains Polyphenols, First Cold Pressed, 68 Fl Oz",4.8,46.9K
"Mazola Pure Corn Oil, 40 fl oz",4.8,1.9K
"365 by Whole Foods Market, Mediterranean Blend Extra Virgin Olive Oil, 67.6 Fl Oz",4.7,965
"MADHAVA Avocado Oil (33.8 oz, 1L Tin), Single Source, 100% Pure, Neutral Flavor, High Heat Cooking Oil, 520-Degree Smoke Point, Non-GMO",4.4,1K
"Spectrum Naturals Organic Hi Heat Sunflower Oil, 32 Ounce",4.8,853
"Admiration Fry-n-fry Heavy Duty Canola Liquid Frying Oil, 35 Pound",4.3,66
"Chosen Foods, Avocado Oil, 16.9 fl oz",4.8,3.7K
"Kadoya Sesame Oil, 22.10 Fl Oz",4.8,11.6K
Omni Red Palm Oil 16.9 Fl ozs,4.5,2.2K
"Gamma One 100% Pure Rice Bran Oil, 67.6 Ounce",4.7,2K
"Goya Vegetable Oil, 48 Ounce",5.0,1
"Pompeian Robust Extra Virgin Olive Oil, Contains Polyphenols, First Cold Pressed, 101 Fl Oz",4.8,50K
"California Olive Ranch Everyday Extra Virgin Olive Oil, 25.4 oz",4.8,3.8K
"Wesson 100% Pure Vegetable Oil, 128 Fl Oz",4.6,58
"Bertolli Extra Light Tasting Olive Oil, 51-Ounce Bottle",4.8,1K
Partanna Robust Extra Virgin Olive Oil - Premium Castelvetrano Olive Oil - Harvested in Sicily - Pure Authentic Italian - Monovarietal - Rich in Flavor - First Cold Pressed 16.9oz (500ml) Tin,4.6,6.9K
"YARRAMATE 16oz/470ml Glass Olive Oil Sprayer for Cooking with Stickers, 2 in 1 Oil Dispenser for Kitchen Gadgets, Food Grade Premium Spray Bottle for Salad, Frying, BBQ (Creamy White)",4.4,34.4K
"Chosen Foods 100% Pure Avocado Oil, Keto Diet Friendly, Kosher Oil for Baking, High-Heat Cooking, Frying, Homemade Sauces, Dressings and Marinades (1 liter)",4.8,4K
"Bertolli Organic Extra Virgin Olive Oil, Rich Taste, 25.36 fl oz",4.7,618
"HawaiiPharm Rosemary Alcohol-Free Liquid Extract, Organic Rosemary (Rosmarinus officinalis) Dried Leaf Glycerite 2 oz",4.2,49
"Organic Sweet Almond Oil | 100% Pure, Cold-Pressed, Unrefined | USDA Certified Organic | Amber Glass Bottle with Glass Dropper | For Face, Skin & Hair - 1 Fl Oz",4.6,156
"Best of Nature Lemongrass and Sage Massage Oil Blend - Non-Greasy Aromatherapy Massage Oil for Body, Skin & Face, Crafted with Pure Essential Oils, Half Gallon (64 fl oz)",4.4,13
"Zatural Cold Pressed Flaxseed Oil – 100% Pure Non-GMO Liquid Flax Seed Oil, Vegan Omega-3 ALA Rich, Perfect for Salads, Smoothies, Baking, Skincare & Hair (32 fl oz Bottle)",4.3,266
"CHOSEN FOODS Organic Avocado Oil, 33.81 FZ",4.8,8
"Chosen Foods 100% Pure Avocado Oil, Keto Diet Friendly, Kosher Oil for Baking, High-Heat Cooking, Frying, Homemade Sauces, Dressings and Marinades (1 liter)",4.8,4K
"Nature's Way Organic Extra Virgin Coconut Oil, Pure and Unrefined, 62% MCTs, 16 Oz",4.7,16.8K
"Bertolli Organic Extra Virgin Olive Oil, Rich Taste, 25.36 fl oz",4.7,618
"La Tourangelle, Garlic Oil, High Oleic Oil for Cooking Pastas, Salad Dressings, Drizzle on Popcorn, Irresistible Aroma and Flavor, 8.45 Fl Oz",4.5,8K
"Chosen Foods 100% Pure Avocado Oil Spray, Keto Diet Friendly, Kosher Cooking Spray for Baking, High-Heat Cooking and Frying (6 oz, 2 Pack)",4.6,1.1K
Siberian Amaranth Oil | 100% Natural Extra Virgin Cold Pressed 100 ml / 3.4 fl oz | Unrefined Raw No-GMO Vegan | Exclusive Food Grade,4.7,92
9oz Glass Oil Dispenser for Kitchen – No-Drip Olive Oil & Vinegar Bottles for Cooking & Salad Dressing,3.8,21
"APT 1101 Olive Oil Dispenser for Kitchen, Cooking Oil and Vinegar Set, Olive Oil Bottle, Soy sauce, coffee syrup bottles - 4 pcs, Black",4.6,664
"CARON & DOUCET - 100% Plant-Based Griddle Oil & Seasoning Set: Best For Maintaining, Protecting & Conditioning Griddle!",4.7,59
"Filippo Berio Pure Olive Oil, 1 Liter Tin (33.8 Ounce)",4.5,2.3K
"La Tourangelle Avocado Oil 16.9 Fl Oz, All-Natural, Artisanal, Great for Salads, Fruit, Fish or Vegetables, Buttery Flavor",4.7,11.8K
"California Olive Ranch, California Collection, Olive Oil (1L (Pack of 1))",4.7,3.6K
"Spectrum High Heat Safflower Oil, 32 oz",4.7,842
Organic Cast Iron Oil & Cast Iron Conditioner – Made from Flaxseed Oil grown and pressed in the USA – Creates a Non-Stick Seasoning on All Cast Iron Cookware (240ml),4.5,23
"COOLMI Oil and Vinegar Dispenser Set - 17oz/500ML Premium Glass Olive Oil Dispenser Bottles for Kitchen, Oil Dispenser for Kitchen (Olive)",4.7,48
Evelots Cooking Oil Storage Can-Bacon Grease Keeper-Stainless Mesh Strainer-Easy Grip Handle-Large 5 Cup Fat Storage,4.5,5.1K
"Zatural 100% Pure Cold Pressed Grapeseed Oil – Naturally Grown Virgin, High Smoke Point 450°F+, Non-GMO, Perfect for Cooking Frying Baking, Dressings Marinades & Skincare Hair (8 Fl oz)",4.2,102
"Nutiva Organic Steam Refined Oil, Coconut, 128 Fl Oz",4.7,24.2K
Non- GMO Canola Oil Spray for Cooking and Baking,4.4,240
"Pompeian Keto Extra Virgin Olive Oil & 100% Avocado Oil Cooking Spray, No Propellants, 5 Fl Oz, Pack of 6",4.2,241
"Premium Selection Extra Virgin Olive Oil, 68 Oz - First Cold Pressed, Ideal for Roasting, Baking, Dressings - Imported from Italy by Colavita",4.7,6.5K
"Salute Santé! Cold Pressed Grapeseed Oil – 500 ml 1-Pack — cooking oil, grapeseed oil — High Smoke Point, Neutral Flavor, Ideal for Frying, Baking & Salad Dressings Gourmet kitchen essential",4.7,645
Chosen Foods Avocado Oil Spray,4.6,254
"Bakers & Chefs Clear Frying Oil, 35 Pound",4.6,74
"Iberia Avocado and Sunflower Oil, 51 fl oz",4.7,998
Whirl Butter Flavored Oil,4.6,3.6K
"La Tourangelle, Toasted Sesame Oil, Great for Cooking, Add to Noodles, Stir-Fry, Vegetables, Vinaigrettes, and Marinades, 16.9 Fl Oz",4.8,17.7K
"BASSO 1904 - Garlic Oil, Infused Premium Extra Virgin Olive Oil, 8.5 Fl Oz (250 ml), Cooking, Dipping, Dressing, and Tasting",4.6,543
"California Olive Ranch, California Reserve Collection, Olive Oil (Arbequina, Pack of 1)",4.6,892
"PAM No-Stick Cooking Spray Cans, 16 Ounce, 2 Pack",4.7,870
"Bertolli Extra Light Olive Oil, 25.5 oz",4.8,471
"Garden of Life Coconut Oil for Hair, Skin, Cooking - Raw Extra Virgin Organic Coconut Oil, 57 Servings - Pure Unrefined Cold Pressed Oil with MCTs for Body Care or Baking, Aceite de Coco Organico",4.6,29.2K
Rani Mustard Oil (Kachi Ghani) 33.8 Ounce (1 Liter) NON-GMO | Gluten Free | Vegan | 100% Natural | Kosher,4.5,791
"Mantova Coconut Oil Spray, 100% Pure Cooking Oil, Ideal for Healthy Keto Snacks, Baking, Grilling, and Seasoning - Versatile Dispenser for Spray, Drip, or Stream with No Waste, 5 oz",4.6,3.1K
"Basso 1904, 100% Pistachio Oil – 8.5 fl oz -Cold-Pressed Italian Pistachio Oil for Dressings, Baking, Drizzling & Dipping – Product of Italy – 250ml",4.7,17
"Benissimo Roasted Garlic Herb Infused Oil, All Natural Gourmet Cooking Oil with Slow-Roasted Garlic and Aromatic Herbs, Perfect for Sautéing, Dipping, Drizzling, 8.1 fl oz",4.6,951
"La Tourangelle, Roasted Walnut Oil, Plant-Based Source of Omega-3 Fatty Acid, Cooking, Baking, & Beauty, 16.9 Fl Oz",4.6,11.2K
"SPECTRUM NATURALS Avocado Oil, 16 FZ",4.8,575
"Colavita, Extra Virgin Olive Oil, 17 Fl Oz",4.7,791
"Kadoya Roasted Sesame Oil - for Cooking, Seasoning, 11 Fl oz",4.7,6.4K
"Mazola Vegetable Plus, 96-Ounce",,
"LaSyL Natural Cooking Oil Solidifier Powder, Harden Up to 4.5 Gallon of Fry Oil Away from Mess, 100% Plant-Based Oil Hardener for Disposal, Value Pack 24 Oz",4.6,483
"Cooking Oil Solidifier, Solidifies Up to 40 Cups from Mess, 100% Plant-Based Used Oil Solidifying Powder, Grease Hardener Disposal for Kitchen",4.4,759
"Pompeian Light Taste Olive Oil, High Heat Cooking, Baking & Sauteing, High Smoke Point, 48 Fl Oz",4.8,6.5K
"Spectrum Organic Sesame Oil, Unrefined, 16 oz",4.7,1.3K
"La Tourangelle, Toasted Pumpkin Seed Oil, Great for Cooking, Salad Dressings, Pastas, and Spreads, Health and Beauty Oil, 8.45 Fl Oz",4.6,11.2K
"S&B Chili Oil with Crunchy Garlic, 3.88 Fl Ounce",4.5,7.4K
"BASSO 1904 - Infused Extra Virgin Olive Oil Gift Box Set, First Cold Pressed, Variety Pack, 4 bottles x 8.5 fl.oz (250ml), Naturally Infused for Dipping & Tasting",4.6,1K
"365 by Whole Foods Market Chef's Bottle Blend Mediterranean EVOO, 16.9 FZ",5.0,6
"Cuisine228 Red Palm Oil (Zomi) – 100% Organic, Natural, Unrefined, Nutrient-Rich Premium Cooking Oil (0.5L and 1L) (0.5 Liter)",4.7,48
"GreenIVe Avocado Oil Naturally Grown 100% Pure Natural without Additives, Clean, Cold Pressed, Non-GMO, Vegan: For Cooking, Frying, Baking and for Sauces, Dressings, Marinades, Salads (32 Ounce)",4.6,726
GreenIVe Flax Seed Oil Organically Grown100% Pure Cold Pressed High Vegan Omega Fatty Acids (8 Fl Oz),4.4,1.7K
"Kiri & Sons Olive Oil Gourmet Sampler Gift Set of 8 - Premium Extra-Virgin Olive Oil Made In Spain, Natural Flavors Include Mushroom, Chili, Garlic, Oregano, Blood Orange, Smoky Bacon, Jalapeno, Basil",4.2,66
Rani Peanut Oil 33.8 Ounce (1 Liter) Cold Pressed | 100% Natural | NON-GMO | Kosher | Vegan | Gluten Free,4.4,116
"Nature's Way Liquid Coconut Oil, Superior Flavor and Aroma, Hexane Free, Stays Liquid, Non-GMO Project Verified, 10 Fl Oz (Packaging May Vary)",4.6,463
"Crisco Pure Vegetable Oil, 64 Fluid Ounce, Packaging may vary (Pack of 2)",3.8,4
"Cuisine228 Red Palm Oil (Zomi) – 100% Organic, Natural, Unrefined, Nutrient-Rich Premium Cooking Oil (0.5L and 1L) (0.5 Liter)",4.7,48
"Colavita Roasted Garlic Extra Virgin Olive Oil, 32 Fl Oz – Cold Pressed EVOO Infused with Natural Roasted Garlic Flavor for Cooking, Dressings, Marinades & Dipping",4.7,9.7K
"GreenIVe Avocado Oil Naturally Grown 100% Pure Natural without Additives, Clean, Cold Pressed, Non-GMO, Vegan: For Cooking, Frying, Baking and for Sauces, Dressings, Marinades, Salads (32 Ounce)",4.6,726
"Chosen Foods 100% Pure Avocado Oil Spray 4.7 oz. (1 Pack), Non-GMO, 500°F Smoke Point, Propellant-Free, Air Pressure Only for High-Heat Cooking, Baking and Frying",4.7,4.5K
"S&B Chili Oil with Crunchy Garlic, 3.88 Fl Ounce",4.5,7.4K
"Primal Kitchen Avocado Oil Spray, Whole 30 Approved & Cold Pressed, 1 Can - 4.7 Ounce",4.6,439
"Kiri & Sons Olive Oil Gourmet Sampler Gift Set of 8 - Premium Extra-Virgin Olive Oil Made In Spain, Natural Flavors Include Mushroom, Chili, Garlic, Oregano, Blood Orange, Smoky Bacon, Jalapeno, Basil",4.2,66
Rani Peanut Oil 33.8 Ounce (1 Liter) Cold Pressed | 100% Natural | NON-GMO | Kosher | Vegan | Gluten Free,4.4,116
"Pompeian Light Taste Olive Oil, High Heat Cooking, Baking & Sauteing, High Smoke Point, 48 Fl Oz",4.8,6.5K
"Mantova Organic Flavored Extra Virgin Olive Oil Variety Pack – Garlic, Basil, Chili, and Lemon (8.5 oz Bottles, Pack of 4) – Perfect for Cooking, Dressing, and a Great Gift Item",4.7,2.9K
"La Tourangelle, Organic Extra Virgin Olive Oil, Cold-Pressed, Smooth & Fruity, Early Harvest for High Antioxidants From Spain, 25.4 Fl Oz",4.7,99
Chosen Foods 100% Pure Avocado Oil,4.8,3.4K
"House Of Tsang Oil Wok, 10 oz",4.5,31
"BetterBody Foods Refined Avocado Oil, Non-GMO Cooking Oil, Kosher, Keto and Paleo Diet Friendly, for High-Heat Cooking, Frying, Baking, 100% Pure Avocado Oil, 500 mL, 16.9 Fl Oz (Pack of 2)",4.8,26.1K
"100% Pure Avocado Oil in Glass Bottle, Allergen-Free and Non-GMO, Premium Cold-Pressed Cooking Oil for Sautéing, Baking, Grilling, and Salad Dressings, 8.45 fl oz",4.6,158
"PAM Non Stick Olive Oil Cooking Spray, 5 oz.",4.8,4.2K
"Praise Red Palm Oil, 2-Liters - Zomi",4.4,517
"Pompeian USDA Certified Organic Smooth Extra Virgin Olive Oil Non-Stick Cooking Spray, No Propellants, 5 Fl Oz, Pack of 6",4.5,155
"Mantova Grand’Aroma Flavored Extra Virgin Olive Oil, Rosemary, 8.48 Ounce",4.6,3.5K
"Colavita Premium Selection Extra Virgin Olive Oil - 34 Fl Oz, Single Bottle",4.8,2.4K
USDA Certified Organic Cold Pressed Unrefined Raw Avocado Oil - 16 fl.oz,4.5,71
"Chosen Foods 100% Pure Avocado Oil Spray 4.7 oz (1 Pack), Non-GMO, 500°F Smoke Point, Propellant-Free, Air Pressure Only for High-Heat Cooking, Baking and Frying",4.8,544
Pam No-Stick Cooking Spray - Purely Olive Oil - Superior No Stick With Extra Virgin Olive Oil - Net Wt. 5 OZ (141 g) Each - Pack of 2,4.8,781
Sadaf Mediterranean Olive Oil Blend - Olive Oil for Cooking and Baking - Healthy Cooking Oil - Kosher - 2L Bottle,4.2,86
"Terra Delyssa First Cold Pressed Organic Extra Virgin Olive Oil, Single Sourced, 1 L (34 fl. oz) Dark Glass Bottle - 1 Pack, Non-GMO, Naturally Rich in Antioxidants and Polyphenols",4.7,718
"Lou Ana, Peanut Oil, 24 fl oz",4.5,260
"La Tourangelle, Expeller-Pressed Grapeseed Oil, High Heat Neutral Cooking Oil, Cast Iron Seasoning, Also Great for Skin, Hair, and DIY Beauty Recipes, 25.4 fl oz",4.7,13.5K
"Graza Sizzle Extra Virgin Olive Oil Spray, Cooking Oil - High Polyphenol Peak Harvest EVOO Cooking Oil in a Spray Bottle - Single Origin Olive Oils from Spain - 5 Fl Oz",4.7,107
"Nature's Way Liquid Coconut Oil, Superior Flavor and Aroma, Hexane Free, Stays Liquid, Non-GMO Project Verified, 10 Fl Oz (Packaging May Vary)",4.6,463
"Spectrum Organic Spray Oil, Olive, 5 fl oz",4.6,710
"4th & Heart Original Ghee Oil Non-Stick Cooking Spray, Made with Grass-Fed, Pasture-Raised Ghee, Keto, Lactose-Free, Certified Paleo Baking Spray (5oz)",4.3,1.9K
Primal Kitchen Organic Avocado Oil 500 ML,4.9,78
"Pompeian Gourmet Selection Extra Virgin Olive Oil, Contains Polyphenols, First Cold Pressed, 24 Fl Oz",4.8,638
"Just Hemp Foods All Natural Hemp Seed Oil, Cold Pressed, Cold Filtered, 12g of Omega 3 & 6 Per Serving, 16.9 Fl Oz",4.7,2.5K
House of Tsang Stir-Fry Oil 10 Oz (Pack of 2),4.6,384
"La Tourangelle, Organic Extra Virgin Olive Oil Spray, Cold-Pressed, All-Natural, Artisanal, Great for Cooking, Sauteing, Grilling, 5 Fl Oz",4.5,7.3K
"Primal Kitchen Avocado Oil, Whole30 Approved, Certified Paleo, and Keto Certified, 16.9 Fluid Ounces, Pack of 2",4.7,3.6K
"Sky Organics - Organic Extra Virgin Olive Oil, 16 fl oz - Cold Pressed & Unfiltered - Bright, Fresh, Authentic Flavor - Sourced from Farmers in Greece - 100% Pure - Kosher - Natural, Vegan, & Soy Free",4.6,2.9K
"365 By Whole Foods Market, Extra Virgin Olive Oil Spray, 10 Fl Oz",4.7,23
"Fresh Press Farms Cold Pressed Extra Virgin Sunflower Oil, 16.4 Fl Oz (Pack of 2), High Oleic, Georgia Grown, 100% American Made, Unrefined, Certified Whole30, Non-GMO, Keto, Paleo, Gluten Free",4.2,230
"Kosterina - Everyday Organic Extra Virgin Olive Oil, High Heat Cooking Greek EVOO, Made from 100% Pure Early Harvest Koroneiki Olives, Natural Superfood, Polyphenol Rich, High Antioxidants (16.9 oz)",4.7,634
"BASSO 1904 - Spicy Chili Oil, Infused Premium Extra Virgin Olive Oil, 8.5 Fl Oz (250 ml), Drizzle, Cooking, Dipping, Dressing, and Tasting",4.4,506
"La Tourangelle, Avocado Oil, Handcrafted from Premium Avocados, Great for Cooking, as Butter Substitute, and for Skin and Hair, 8.45 fl oz",4.7,1.2K
GreenIVe Flax Seed Oil Organically Grown100% Pure Cold Pressed High Vegan Omega Fatty Acids (8 Fl Oz),4.4,1.7K
"Organic Fiji, Raw Extra Virgin,Cold-Pressed, Cooking Coconut Oil with Fresh Flavor, Non-GMO, USDA Organic, 16oz",4.2,98
Trader Joe's Coconut Oil Non Stick Cooking Spray- Pack Of 2,4.6,142
"Chosen Foods 100% Pure Avocado Oil Spray, Keto Diet Friendly, Kosher Cooking Spray for Baking, High-Heat Cooking and Frying (6 oz, 3 Pack)",4.7,1.1K
"HOMCDALY Olive Oil Dispenser for Kitchen, 11.8oz Glass kitchen Dispenser Bottle, Gold Oil&Vinegar Cruet Set, Leakproof Oil Containers for Cooking| Set of 2 (11.8oz – Gold)",4.6,551
"APT 1101 Olive Oil Dispenser for Kitchen, Cooking Oil and Vinegar Set, Olive Oil Bottle, Soy sauce, coffee syrup bottles - 4 pcs, Black",4.6,664
"Cliganic Non-GMO Jojoba Oil Bulk 32oz, 100% Pure - Natural Cold Pressed Unrefined Hexane Free Oil for Hair & Face",4.7,537
"Oil Dispenser for Kitchen, 2 in 1 Olive Oil Sprayer, Olive Oil Dispenser Spray Bottle with Brush, Oil Sprayer for Cooking for Air Fryer, Barbecue, Salad 16oz/470ml (Black)",4.4,1.1K
"Mantova Air Fryer Spray 450F Smoke Point - All-Natural High-Heat Cooking Oil - Perfect for Air Fryers, Roasting, Grilling, Baking, and Sautéing-High Smoke Point, Non-Aerosol Spray, Easy to Use and Mess-Free - Made in Italy - (Pack of 1)",4.6,246
"California Olive Ranch, 100% California Extra Virgin Olive Oil Spray, 5 oz (Pack of 1)",4.7,214
Pam Original No-Stick Cooking Spray 100% natural Canola Oil (2 pack - 12oz each can),4.8,2.8K
"velona USDA Certified Organic Sunflower Oil - 64 Fl Oz | 100% Pure and Natural Carrier Oil | High Oleic, Refined| Cooking, Skin, Hair, Body & Face Moisturizing",4.8,297
"Nutiva Coconut Oil, 14 Ounce",4.7,953
"Colavita, Oil Olive Extra Virgin, 8.5 Fl Oz",4.6,197
"""Parachute Naturalz Organic Virgin Coconut Oil | Cooking Oil, Hair Oil, Body Oil & Oil Pulling | Cold Pressed | Unbleached | Unrefined | Non-Hydrogenated | MCT Oil | USDA Certified |6.7 Fl. Oz. | Glass Jar""",4.5,7.6K
"Spectrum Unrefined Peanut Oil, 16 oz",4.6,279
64 FL.OZ-100% Pure Extra Virgin Unrefined Cold Pressed Walnut Oil - DEEP GOLDEN,4.4,174
"La Tourangelle, Roasted Almond Oil, Artisanal Cooking Oil Rich in Vitamins E, B, and P, Bake, Cook, and Whisk into Marinades and Vinaigrettes, 16.9 fl oz",4.6,724
"Dr. Bronner's - Organic Virgin Coconut Oil (Whole Kernel, 14 Ounce) - Coconut Oil for Cooking, Baking, Hair & Body, Unrefined & Fresh-Pressed, Rich & Nutty Flavor, Fair Trade, Vegan, Non-GMO",4.6,2.2K
"Spectrum Culinary Organic Unrefined Virgin Coconut Oil, 14 fl. oz.",4.3,326
100% Pure Unrefined Virgin Pumpkin Seed Oil All Natural 4 lbs(64 fl.oz),4.4,334
"Blueprint by Bryan Johnson Olive Oil – Snake Oil- High Polyphenol Extra Virgin Olive Oil (400+ mg/kg) – Cold Pressed, Early Harvest, First Cold Press EVOO – Keto, Paleo, Non-GMO – 750ml Glass Bottle",4.5,693
"SPECTRUM NATURALS OIL WALNUT REFINED, 16 OZ, PK- 3",5.0,1
House of Tsang Stir Fry Oil 10 oz (Pack of 3),4.8,184
"Fatworks, Premium USDA Cage Free Duck Fat, Ultimate Cooking Oil for Gourmet Frying and Baking, WHOLE30 APPROVED, KETO, PALEO, 7.5 oz.",4.5,174
Pam Olive Oil (Pack of 4),4.7,6
"Corto La Padella® High Smoke Point Cooking Oil | Chef-Grade Sauté Oil Blend with Grapeseed, Avocado, Rice Bran Oils | Oxygen-Free FlavorLock Box | 3L",4.6,62
"Wellsley Farms 100% Pure Avocado Oil Spray - Non Stick High Heat Spray - 0 Calorie Cooking Oil - Vegan Friendly & Low Cholesterol Oil for Baking, Grilling, Marinating & Salad Dressing - 14 oz (2 Pack)",4.5,59
"Spectrum Essentials Sesame Oil, Refined, 16 oz",4.2,58
"Mantova Oil Olive Extra Virgin Lemon Organic, 8.5 fl oz",4.6,1.2K
"Ventura Foods LLC Phase with Garlic Liquid Butter Alternative, Versatile Dairy-Free and Vegan Butter Substitute for Food Service, Movie Theaters, and More, 1 Gallon",4.5,224
"Spectrum Essentials Organic Virgin Coconut Oil, 14 oz",4.7,855
"Organic Fiji, Raw Extra Virgin,Cold-Pressed, Cooking Coconut Oil with Fresh Flavor, Non-GMO, USDA Organic, 16oz",4.2,98
"Fatworks, Premium USDA Organic Chicken Fat, Ultimate Cooking Oil for Gourmet Frying and Baking. Hormone, antibiotic free, WHOLE30 APPROVED, KETO, PALEO",4.6,989
"Emblem 100% Extra Virgin and Infused Olive Oil for Everyday Kitchen Use | Cold Extracted, Cooking & Baking | Non GMO, Keto, Vegan Friendly 500ml (Roasted Garlic)",4.8,83
"La Tourangelle, Toasted Sesame Oil, Great for Cooking, Add to Noodles, Stir-Fry, Vegetables, Vinaigrettes, and Marinades, 16.9 Fl Oz (Pack of 2)",4.3,4
"Natural Force Organic MCT Oil – Pure Glass Bottle – Made from 100% Cold Pressed Virgin Coconut Oil + Certified Keto, Paleo, Kosher, Vegan & Non-GMO – Lab Tested for Quality and Purity - 16 Ounce",4.6,6.2K
"Sunglo 100% Coconut Oil for Popcorn, 16oz, Highly Refined for Neutral Flavor, Non-GMO, Zero Trans Fat, Ideal for Frying & Everyday Cooking",4.2,73
"Primal Kitchen Air Fryer Spray Oil, 4.7 ounces",4.6,25
"NOW Foods, Liquid Coconut Cooking Oil, Pure Coconut Flavor, No Trans Fats, Certified Non-GMO 16-Ounce",5.0,8
Vita Coco Extra Virgin Organic Coconut Oil X 250Ml,4.5,1.1K
"Mantova Grand’Aroma Basil Flavored Extra Virgin Olive Oil, made in Italy, cold-pressed, 100% natural, heart-healthy cooking oil perfect for salad dressing, pasta, garlic bread, meats, or pan frying, 8.5 oz (Pack of 2)",4.4,137
"LouAna Pure Safflower Oil, 24 oz",4.6,220
"Flora - Sunflower Oil, Cold Pressed & Unrefined, 17 Fl Oz",4.4,228
"Spectrum Essentials Organic Virgin Coconut Oil, Unrefined, 15 oz",4.7,5.4K
100% Pure Certified Organic Extra Virgin High Oleic Sunflower Oil- 1 Gallon/128 fluid ounces,4.7,47
House Of Tsang B76615 House Of Tsang Mongolian Fire Oil (5oz),4.7,456
100% Pure Extra Virgin Unrefined Cold Pressed Camelina Seed Oil (64 oz),4.7,149
LouAna Pure Coconut Oil (All Natural) 30 fl oz,4.6,621
"Nutiva Organic Coconut Oil with Non-Dairy Butter Flavor, 14 Ounce (Pack of 2), USDA Organic, Non-GMO, Whole 30 Approved, Vegan & Gluten-Free, Plant-Based Replacement for Butter",4.6,5.5K
"Kirkland Signature Peanut Oil, 35 Pounds",4.5,76
Walnut Oil- USDA Organic Cold Pressed Unrefined Virgin (8 oz),4.3,23
"Boyajian Pure Lemon Oil, 3.4 Fluid Ounce",4.6,1.5K
"velona USDA Certified Organic Olive Oil - 4 Fl Oz | 100% Pure and Natural Carrier Oil | Extra Virgin, Unrefined, Cold Pressed | Cooking, Dressing, Face, Hair, Body & Skin Care | Use Today - Enjoy Results",4.5,160
Golden Barrel Butter Flavored Coconut Oil (32 oz.),4.4,5.2K
"Hot Crispy Oil- Fried garlic, shallots, chili peppers and spices. Flavor bomb, Chili Crisp, Hot Sauce, Chili Oil,",4.4,3.3K
House Of Tsang Wok Oil (10Oz),4.0,11
1 Gallon USDA Organic Cold Pressed Unrefined Apricot Kernel Oil,4.7,63
"2 in 1 Oil Sprayer for Cooking, Olive Oil Dispenser Bottle for Kitchen Spray and Pour, 16oz/470ml Light-Blocking Dark Amber Glass Brown Bottle, Food-Grade Oil Mister for Air Fryer Black Cap",4.4,361
"Oil Sprayer for Cooking, 2 in 1 Olive Oil Dispenser Bottle for Kitchen, 16oz/470ml Premium Glass Oil Bottle, Food-grade Oil Mister for Air Fryer, Salad, Frying, BBQ (Creamy Black)",4.6,51
"LaSyL Natural Cooking Oil Solidifier Powder, Harden Up to 4.5 Gallon of Fry Oil Away from Mess, 100% Plant-Based Oil Hardener for Disposal, Value Pack 24 Oz",4.6,483
"68oz Stainless Steel Oil Filter Pot, Multifunctional 2 in 1 Oil Strainer Pot for Camping, Large Capacity Bacon Grease Saver with Strainer, Kitchen Cooking Oil Container, Mini Deep Fryer with Basket",4.4,301
"Cambom Bacon Grease Container with Fine Mesh Strainer, 1.3 L almost 6 Full Cups Iron Cooking Oil Can with Removable a Coaster Tray for Kitchen Fat Storage Black",4.6,9K
Evelots Cooking Oil Storage Can-Bacon Grease Keeper-Stainless Mesh Strainer-Easy Grip Handle-Large 5 Cup Fat Storage,4.5,5.1K
"velona USDA Certified Organic Red Palm Oil 32 Fl Oz | Food and Cosmetic Grade | in jar | Extra Virgin, Cold Pressed | Skin, Face, Body, Hair Care | Use Today - Enjoy Results",4.3,230
Trader Joe's Coconut Oil Spray (Pack of 3),4.3,39
"velona Babassu Oil USDA Certified Organic - 8 Fl Oz | 100% Pure and Natural Carrier Oil | Refined, Cold Pressed | Face, Hair, Body & Skin Care and Cooking | Use Today - Enjoy Results…",4.6,2.6K
Certified Organic Unrefined Cold Pressed Sweet Almond Oil- 4 lbs/64 fluid ounces,4.9,28
"Manitoba Harvest Organic Hemp Oil, Cold Pressed, 12g of Omegas 3&6 Per Serving, Non-GMO, 8.45 Fl Oz",4.6,1.5K
"Pompeian USDA Certified Organic Extra Virgin Olive Oil Non-Stick Cooking Spray, Full-Bodied Flavor, Perfect for Salads and Pasta Drizzling, Naturally Gluten Free, Non-Allergenic, Non-GMO, No Propellants, 5 FL. OZ., Single Bottle",4.1,10
"PAM Non Stick Original Cooking Spray, 6 Oz",4.3,10
"velona Soybean Oil - 64 Fl Oz | 100% Pure and Natural Carrier Oil | Refined | Cooking, Baking, Skin, Hair, Body & Face Moisturizing | Use Today - Enjoy Results",4.4,10
Viva Oliva Two 60ml (2oz) Variety Gift Set - Tuscan Herb Infused Olive Oil & 18 Year Traditional Barrel Aged Balsamic Vinegar - Premium Quality - 100% Natural,4.1,206
100% Pure Cold Pressed Extra Virgin Unrefined Organic Camelina Seed Oil (16 fl.oz),3.8,4
"Piping Rock Pumpkin Seed Oil Organic Cold Pressed | 16 Fl Oz | Extra Virgin Liquid Supplement | Vegetarian, Non-GMO, Gluten Free",4.6,253
Pam No-Stick Cooking Spray - Grill - For High Temperature - Net Wt. 5 OZ (141 g) Each - Pack of 2,4.6,1.9K
"Pompeian 100% Avocado Oil Cooking Spray, Mildly Nutty Flavor, Perfect for High-Heat Cooking, Roasting and Stir-Frying, Naturally Gluten Free, Non-Allergenic, Non-GMO, No Propellant, 5 FL. OZ.",4.8,7
"Dabur Kachi Ghani Mustard Oil - Oil for Skin and Hair Care, Cold-pressed Oil Body Massage, Therapeutic-Grade Mustard Oil, Natural Oil from Mustard Seeds, Unrefined Mustard Oil (500 ml)",4.3,3.1K
"Badia Minced Garlic in Olive Oil, 16 oz – Fresh Minced Garlic, Bold Flavor for All Purpose Cooking, Gluten Free",4.7,12.3K
Pam No-Stick Cooking Spray - Happy Baking - With Flour - Net Wt. 5 OZ (141 g) Each - Pack of 2,4.8,349
"FLAIROSOL OLIVIA. The Original Advanced Oil Sprayer for Cooking, Salads, BBQs and More, Continuous Spray with Portion Control, Trusted by Chefs. Patented Technology. (Glass Bottle) (Golden Leaves)",4.5,10.1K
"LorAnn Lemon Oil Super Strength, Natural Flavor, 1 dram (.0125 fl oz. 3.7 ml) - 2 pack",4.8,356
"Olive Oil Dispenser Bottle, 2 Pcs Glass Olive Oil Dispenser and Vinegar Dispenser Set with 2 Stainless Steel Pourers, 4 Labels,1 Brush and 1 Funnel Oil Bottles for Kitchen (500ml)",4.5,4.3K
"Kate Naturals Mineral Oil for Wood Cutting Board, Butcher Block, and Knife. Food Grade Mineral Oil for Wooden Cutting Board & Utensils (8oz, Food Safe)",4.7,4.8K
"Oil Sprayer for Cooking- 200ml Glass Olive Oil Sprayer Mister, Olive Oil Spray Bottle, Kitchen Gadgets Accessories for Air Fryer, Canola Oil Spritzer, Widely Used for Salad Making, Baking, Frying,BBQ4",4.1,7.8K
"2 in 1 Glass Oil Sprayer & Dispenser,16oz/470ml Olive Cooking, Air Fryer, and Salad, for Kitchen Gadgets and Air Fryer Accessories, w/Stickers (Black)",4.3,3.2K
"Vakoo 2 in 1 Oil Sprayer and Oil Dispenser for Kitchen - 16oz/470ml Light-Blocking Dark Glass Olive Oil Spray Bottle for Cooking, Air Fryer, Salad & BBQ (Black&Green)",4.3,106
"2 in 1 Oil Sprayer for Cooking, Oil Dispenser for Kitchen Gadgets, 16oz/470ml Premium Food-Grade Oil Bottle, for Salad, Air Fryer, BBQ (Transparent)",4.0,97
"Oil Sprayer for Cooking, 2 Pack Upgraded Olive Oil Spray Bottle Mister Refillable with Scale Air Fryer Accessories for Kitchen, Salad, Baking, BBQ, Frying",4.3,9.4K
"Oil Sprayer for Cooking Olive Oil Sprayer Mister for Air Fryer Vegetable Vinegar Oil Portable Mini Kitchen Gadgets for Baking,Salad,Grilling,BBQ,Roasting(1 Pack)",4.2,7.4K
"Oil Sprayer for Cooking, 2 in 1 Olive Oil Dispenser Bottle for Kitchen, 16oz/470ml Premium Glass Oil Bottle, Food-grade Oil Mister for Air Fryer, Salad, Frying, BBQ (Creamy Black)",4.6,51
"KIVY Glass Oil Sprayer for Cooking, Salads, BBQs & Airfryer – Innovative Spray with Portion Control - Oil Spray Bottle with Stainless Steel Body - Olive Oil Sprayer - Cooking Oil Mister – Cream",4.4,118
"200ml/7oz Glass Olive Oil Sprayer for Cooking, Oil Mister Continuous Cooking Spray with Portion Control for Kitchen (Green Bottle, Gold Print)",4.4,343
AOZITA 17oz Glass Olive Oil Bottle Dispenser - 500ml Green Oil and Vinegar Cruet with Pourers and Funnel - Olive Oil Carafe Decanter for Kitchen,4.7,52.3K
"Oil Sprayer for Cooking, Olive Oil Sprayer Mister, Olive Oil Spray Bottle for Cooking, Salads, BBQs and More (White)",4.3,240
"PARACITY Oil Dipenser Bottle with Silicone Bottom, 2 in 1 Olive Oil Sprayer and Dispenser, Oil Spray Bottle 500ML/ 17OZ for Cooking, Kitchen, BBQ, Air Fryer, Salad, Baking (2PCS Black)",4.7,53
"Olive Glow Cooking Oil Dispenser, 400 mL 2-in-1 Spray & Pour Glass Bottle, Leakproof & Refillable for Air Frying, Roasting, Grilling, Fine Mist for Salads, Works with All Types of Cooking Oils",4.0,33
TERA PUMP Battery Powered Outdoor Cooking Oil Filter Pump for Warm Cooking Oil - BPA Free Transfer Pump - TRCOOK03,3.6,13
"Evo Oil Sprayer Original, Non-Aerosol for Olive, Cooking Oils, and Vinegars, Green, 24-Ounce Capacity",4.2,6.3K
"Evo Oil Sprayer 18/8 Stainless Steel, Non-Aerosol for Olive, Cooking Oils, and Vinegars, Silver, 16-Ounce Capacity",3.8,5.8K
"Misto Aluminum Oil Sprayer, Set of 2, Versatile Refillable Aerosol Sprayers for Olive Oil, Vinegar, Lemon Juice, Dressings, and More, Ideal for Cooking, BBQ, and Air Fryers",3.9,36.3K
"Oil Sprayer Set of 2 – Oil Spray Bottle Made of Stainless Steel & Glass, for Healthy Cooking, Sprayer for Precise Dosage, for Cooking Oil & Vinegar Including 20 Labels, Funnel",4.5,101
"CXINYI - 16oz/470ml Olive Oil Dispenser for Kitchen with Stickers - 2 in 1 Olive Oil Sprayer for Cooking, Air Fryer, and Salad, Black (Light-Proof Kitchen Gadget)",4.5,4K
"Oil Sprayer for Cooking,Olive Oil Spritzer,Olive Oil Spray Bottle for Salad, BBQ, Kitchen Baking, Roasting (100ml) (1)",4.2,198
"WERTIOO Olive Oil Dispenser Bottle,4Pack 17 OZ Glass Oil Dispenser for Kitchen with 4 Pourer,2 Stainless Steel Funnel & 1 Pen and 8 Label for Kitchen (500ml)",4.5,2.9K
"2-in-1 Glass Oil Dispenser & Sprayer - 16oz/470ml Leakproof Bottle for Cooking, Air Fryer, BBQ, Baking, Salad (Light-Blockage Black 2PC)",4.5,1.3K
Oil Sprayer for Cooking - Olive Oil Mister Spray Bottle for Cooking - 6.7 fl.oz - Air Fryer Accessories - Refillable Glass Dispenser for Kitchen,4.2,251
"Mistifi Oliver Oil Sprayer for cooking, Spray bottle 6oz, Non-Aerosol Refillable Dispenser Oil Mister FS601 Green Vegetable",4.5,2.6K
"YARRAMATE 2Pcs 16oz/470ml Dark Green Oil Sprayer for Cooking with Stickers, Food-grade Premium 2 in 1 Olive Oil Dispenser Bottle for Kitchen Gadgets, Air Fryer, Salad, Frying, BBQ (Black&Navy)",4.4,5.8K
"YARRAMATE 16oz/470ml Dark Brown Oil Sprayer for Cooking with Stickers, Food-grade Premium 2 in 1 Olive Oil Dispenser Bottle for Kitchen Gadgets, Air Fryer, Salad, Frying, BBQ (OliveGreen)",4.4,2.4K
"2 in 1 500ml/17oz Oil Sprayer for Cooking, 2026 Large Advanced Glass Olive Oil Dispenser Bottle w/stickers, Even Spray with Portion Control for Kitchen, Air Fryer, Salad, BBQ - Grey",4.6,754
"BOKKY Olive Oil Sprayer for Cooking 2 in 1, 220ml Glass Olive Oil Spray Bottle with Continuous Fine Mist, Food Grade Oil Sprayer for Air Fryer, Salad, BBQ, Baking, Frying (Black & White / 2 Pack)",4.1,18
